arquivo,caminho,tem_exif,tem_gps,lat_raw,lon_raw,alt_raw,orientation,erro_pre
Captura de tela 2026-04-28 170317.png,e:\08 - Relatorio Fazenda Jacupiranga\Captura de tela 2026-04-28 170317.png,NAO,NAO,N/D,N/D,N/D,1,SEM_EXIF
DJI_Air_2S_(logo).svg.png,e:\08 - Relatorio Fazenda Jacupiranga\DJI_Air_2S_(logo).svg.png,NAO,NAO,N/D,N/D,N/D,1,SEM_EXIF
Logo Conota.png,e:\08 - Relatorio Fazenda Jacupiranga\Logo Conota.png,NAO,NAO,N/D,N/D,N/D,1,SEM_EXIF
logo_conota.png,e:\08 - Relatorio Fazenda Jacupiranga\assets\logo_conota.png,NAO,NAO,N/D,N/D,N/D,1,SEM_EXIF
logo_dji.png,e:\08 - Relatorio Fazenda Jacupiranga\assets\logo_dji.png,NAO,NAO,N/D,N/D,N/D,1,SEM_EXIF
Faz Jacupiranga_28042026_085029.jpg,e:\08 - Relatorio Fazenda Jacupiranga\Conota\Faz Jacupiranga_28042026_085029.jpg,SIM,SIM,-12.8776358,-48.4607205,644.017094017094,1,
Faz Jacupiranga_28042026_085039.jpg,e:\08 - Relatorio Fazenda Jacupiranga\Conota\Faz Jacupiranga_28042026_085039.jpg,SIM,SIM,-12.8776173,-48.4607295,644.208988764045,1,
Faz Jacupiranga_28042026_085213.jpg,e:\08 - Relatorio Fazenda Jacupiranga\Conota\Faz Jacupiranga_28042026_085213.jpg,SIM,SIM,-12.876706200000001,-48.461951000000006,593.9456790123456,1,
Faz Jacupiranga_28042026_091025.jpg,e:\08 - Relatorio Fazenda Jacupiranga\Conota\Faz Jacupiranga_28042026_091025.jpg,SIM,SIM,-12.8685507,-48.4578196,547.5595667870036,1,
Faz Jacupiranga_28042026_091041.jpg,e:\08 - Relatorio Fazenda Jacupiranga\Conota\Faz Jacupiranga_28042026_091041.jpg,SIM,SIM,-12.8685519,-48.457814400000004,547.5706806282723,1,
Faz Jacupiranga_28042026_091055.jpg,e:\08 - Relatorio Fazenda Jacupiranga\Conota\Faz Jacupiranga_28042026_091055.jpg,SIM,SIM,-12.8685452,-48.4578125,549.013671875,1,
Faz Jacupiranga_28042026_091235.jpg,e:\08 - Relatorio Fazenda Jacupiranga\Conota\Faz Jacupiranga_28042026_091235.jpg,SIM,SIM,-12.8684844,-48.4580275,545.9683794466404,1,
Faz Jacupiranga_28042026_091317.jpg,e:\08 - Relatorio Fazenda Jacupiranga\Conota\Faz Jacupiranga_28042026_091317.jpg,SIM,SIM,-12.8684063,-48.458002900000004,547.1351351351351,1,
Faz Jacupiranga_28042026_091324.jpg,e:\08 - Relatorio Fazenda Jacupiranga\Conota\Faz Jacupiranga_28042026_091324.jpg,SIM,SIM,-12.8684198,-48.4580039,547.3874538745388,1,
Faz Jacupiranga_28042026_091417.jpg,e:\08 - Relatorio Fazenda Jacupiranga\Conota\Faz Jacupiranga_28042026_091417.jpg,SIM,SIM,-12.8681635,-48.458047400000005,545.1052244297277,1,
Faz Jacupiranga_28042026_091423.jpg,e:\08 - Relatorio Fazenda Jacupiranga\Conota\Faz Jacupiranga_28042026_091423.jpg,SIM,SIM,-12.8681842,-48.458048000000005,545.5139186295503,1,
Faz Jacupiranga_28042026_091428.jpg,e:\08 - Relatorio Fazenda Jacupiranga\Conota\Faz Jacupiranga_28042026_091428.jpg,SIM,SIM,-12.868193400000001,-48.458048600000005,545.2858895705522,1,
Faz Jacupiranga_28042026_091432.jpg,e:\08 - Relatorio Fazenda Jacupiranga\Conota\Faz Jacupiranga_28042026_091432.jpg,SIM,SIM,-12.868206,-48.458049900000006,545.2744186046511,1,
Faz Jacupiranga_28042026_091450.jpg,e:\08 - Relatorio Fazenda Jacupiranga\Conota\Faz Jacupiranga_28042026_091450.jpg,SIM,SIM,-12.8682355,-48.4580459,545.2288828337875,1,
Faz Jacupiranga_28042026_091500.jpg,e:\08 - Relatorio Fazenda Jacupiranga\Conota\Faz Jacupiranga_28042026_091500.jpg,SIM,SIM,-12.868253000000001,-48.4580396,544.5225806451613,1,
Faz Jacupiranga_28042026_091548.jpg,e:\08 - Relatorio Fazenda Jacupiranga\Conota\Faz Jacupiranga_28042026_091548.jpg,SIM,SIM,-12.8683262,-48.4583055,547.94921875,1,
Faz Jacupiranga_28042026_091646.jpg,e:\08 - Relatorio Fazenda Jacupiranga\Conota\Faz Jacupiranga_28042026_091646.jpg,SIM,SIM,-12.8681915,-48.4583401,543.2958963282938,1,
Faz Jacupiranga_28042026_091710.jpg,e:\08 - Relatorio Fazenda Jacupiranga\Conota\Faz Jacupiranga_28042026_091710.jpg,SIM,SIM,-12.868207400000001,-48.458392,542.3920863309353,1,
Faz Jacupiranga_28042026_091734.jpg,e:\08 - Relatorio Fazenda Jacupiranga\Conota\Faz Jacupiranga_28042026_091734.jpg,SIM,SIM,-12.8683343,-48.4582916,543.3083511777302,1,
Faz Jacupiranga_28042026_091744.jpg,e:\08 - Relatorio Fazenda Jacupiranga\Conota\Faz Jacupiranga_28042026_091744.jpg,SIM,SIM,-12.868416100000001,-48.4583099,542.6441647597254,1,
Faz Jacupiranga_28042026_091922.jpg,e:\08 - Relatorio Fazenda Jacupiranga\Conota\Faz Jacupiranga_28042026_091922.jpg,SIM,SIM,-12.8686842,-48.4579393,548.6108374384237,1,
Faz Jacupiranga_Animais_28042026_085746.jpg,e:\08 - Relatorio Fazenda Jacupiranga\Conota\Faz Jacupiranga_Animais_28042026_085746.jpg,SIM,SIM,-12.8696842,-48.458442000000005,554.8642533936652,1,
Faz Jacupiranga_Banheiro 1_28042026_090923.jpg,e:\08 - Relatorio Fazenda Jacupiranga\Conota\Faz Jacupiranga_Banheiro 1_28042026_090923.jpg,SIM,SIM,-12.868528300000001,-48.4578925,545.31640625,1,
Faz Jacupiranga_Banheiro 2_28042026_092103.jpg,e:\08 - Relatorio Fazenda Jacupiranga\Conota\Faz Jacupiranga_Banheiro 2_28042026_092103.jpg,SIM,SIM,-12.868493800000001,-48.457963500000005,548.7124010554089,1,
Faz Jacupiranga_Casa_28042026_085838.jpg,e:\08 - Relatorio Fazenda Jacupiranga\Conota\Faz Jacupiranga_Casa_28042026_085838.jpg,SIM,SIM,-12.869310800000001,-48.457911900000006,558.0795847750865,1,
Faz Jacupiranga_Casa_28042026_090108.jpg,e:\08 - Relatorio Fazenda Jacupiranga\Conota\Faz Jacupiranga_Casa_28042026_090108.jpg,SIM,SIM,-12.868564300000001,-48.4580063,541.3201892744479,1,
Faz Jacupiranga_Cocho_28042026_085813.jpg,e:\08 - Relatorio Fazenda Jacupiranga\Conota\Faz Jacupiranga_Cocho_28042026_085813.jpg,SIM,SIM,-12.869337400000001,-48.4579195,560.5874015748032,1,
Faz Jacupiranga_Cozinha_28042026_090225.jpg,e:\08 - Relatorio Fazenda Jacupiranga\Conota\Faz Jacupiranga_Cozinha_28042026_090225.jpg,SIM,SIM,-12.8685504,-48.4579596,546.3388704318937,1,
Faz Jacupiranga_Cozinha_28042026_090757.jpg,e:\08 - Relatorio Fazenda Jacupiranga\Conota\Faz Jacupiranga_Cozinha_28042026_090757.jpg,SIM,SIM,-12.8685516,-48.4579352,546.4713114754098,1,
Faz Jacupiranga_Curral_28042026_091849.jpg,e:\08 - Relatorio Fazenda Jacupiranga\Conota\Faz Jacupiranga_Curral_28042026_091849.jpg,SIM,SIM,-12.8687094,-48.457988400000005,550.5769041769041,1,
Faz Jacupiranga_Entrada_28042026_080158.jpg,e:\08 - Relatorio Fazenda Jacupiranga\Conota\Faz Jacupiranga_Entrada_28042026_080158.jpg,SIM,SIM,-12.9373252,-48.4000896,398.90575916230364,1,
Faz Jacupiranga_Entrada_28042026_080214.jpg,e:\08 - Relatorio Fazenda Jacupiranga\Conota\Faz Jacupiranga_Entrada_28042026_080214.jpg,SIM,SIM,-12.9373263,-48.4000868,402.1272577996716,1,
Faz Jacupiranga_Entrada_28042026_080234.jpg,e:\08 - Relatorio Fazenda Jacupiranga\Conota\Faz Jacupiranga_Entrada_28042026_080234.jpg,SIM,SIM,-12.9373235,-48.400101899999996,402.8698752228164,1,
Faz Jacupiranga_Entrada_28042026_085533.jpg,e:\08 - Relatorio Fazenda Jacupiranga\Conota\Faz Jacupiranga_Entrada_28042026_085533.jpg,SIM,SIM,-12.8706622,-48.460154900000006,584.26318359375,1,
Faz Jacupiranga_Entrada_28042026_085557.jpg,e:\08 - Relatorio Fazenda Jacupiranga\Conota\Faz Jacupiranga_Entrada_28042026_085557.jpg,SIM,SIM,-12.8706014,-48.4601046,571.529296875,1,
Faz Jacupiranga_Galpão_28042026_091105.jpg,e:\08 - Relatorio Fazenda Jacupiranga\Conota\Faz Jacupiranga_Galpão_28042026_091105.jpg,SIM,SIM,-12.8685515,-48.4578208,546.0190476190476,1,
Faz Jacupiranga_Pastos_28042026_085710.jpg,e:\08 - Relatorio Fazenda Jacupiranga\Conota\Faz Jacupiranga_Pastos_28042026_085710.jpg,SIM,SIM,-12.8699451,-48.4588319,565.9672897196261,1,
Faz Jacupiranga_Pastos_28042026_085723.jpg,e:\08 - Relatorio Fazenda Jacupiranga\Conota\Faz Jacupiranga_Pastos_28042026_085723.jpg,SIM,SIM,-12.8699505,-48.458836500000004,566.5745856353591,1,
Faz Jacupiranga_Porteira na estrada de acesso_28042026_084345.jpg,e:\08 - Relatorio Fazenda Jacupiranga\Conota\Faz Jacupiranga_Porteira na estrada de acesso_28042026_084345.jpg,SIM,SIM,-12.8887773,-48.4534024,566.9633802816901,1,
Faz Jacupiranga_Quarto 01_28042026_090557.jpg,e:\08 - Relatorio Fazenda Jacupiranga\Conota\Faz Jacupiranga_Quarto 01_28042026_090557.jpg,SIM,SIM,-12.8685614,-48.4579375,546.8950177935943,1,
Faz Jacupiranga_Quarto 2_28042026_090735.jpg,e:\08 - Relatorio Fazenda Jacupiranga\Conota\Faz Jacupiranga_Quarto 2_28042026_090735.jpg,SIM,SIM,-12.868556700000001,-48.4579311,546.5054945054945,1,
Faz Jacupiranga_Quarto 3_28042026_090848.jpg,e:\08 - Relatorio Fazenda Jacupiranga\Conota\Faz Jacupiranga_Quarto 3_28042026_090848.jpg,SIM,SIM,-12.8685192,-48.4579242,546.3732876712329,1,
Faz Jacupiranga_Quarto 3_28042026_090943.jpg,e:\08 - Relatorio Fazenda Jacupiranga\Conota\Faz Jacupiranga_Quarto 3_28042026_090943.jpg,SIM,SIM,-12.8685259,-48.4578938,545.57421875,1,
Faz Jacupiranga_Sala_28042026_090338.jpg,e:\08 - Relatorio Fazenda Jacupiranga\Conota\Faz Jacupiranga_Sala_28042026_090338.jpg,SIM,SIM,-12.8685636,-48.4579134,542.666015625,1,
Faz Jacupiranga_Sala_28042026_090650.jpg,e:\08 - Relatorio Fazenda Jacupiranga\Conota\Faz Jacupiranga_Sala_28042026_090650.jpg,SIM,SIM,-12.8685535,-48.457939,546.6127946127946,1,
Faz Jacupiranga_Varanda_28042026_090814.jpg,e:\08 - Relatorio Fazenda Jacupiranga\Conota\Faz Jacupiranga_Varanda_28042026_090814.jpg,SIM,SIM,-12.868547300000001,-48.457935400000004,546.441647597254,1,
Faz Jacupiranga_Área_28042026_090147.jpg,e:\08 - Relatorio Fazenda Jacupiranga\Conota\Faz Jacupiranga_Área_28042026_090147.jpg,SIM,SIM,-12.8685659,-48.4579607,545.948,1,
DJI_0001.JPG,e:\08 - Relatorio Fazenda Jacupiranga\DJI fotos\DJI_0001.JPG,SIM,SIM,-12.870340638888889,-48.45717213888889,611.9,1,
DJI_0002.JPG,e:\08 - Relatorio Fazenda Jacupiranga\DJI fotos\DJI_0002.JPG,SIM,SIM,-12.870340694444446,-48.45717336111112,581.4,1,
DJI_0003.JPG,e:\08 - Relatorio Fazenda Jacupiranga\DJI fotos\DJI_0003.JPG,SIM,SIM,-12.870242722222223,-48.457224611111116,581.2,1,
DJI_0004.JPG,e:\08 - Relatorio Fazenda Jacupiranga\DJI fotos\DJI_0004.JPG,SIM,SIM,-12.866697083333333,-48.458029333333336,581.1,1,
DJI_0005.JPG,e:\08 - Relatorio Fazenda Jacupiranga\DJI fotos\DJI_0005.JPG,SIM,SIM,-12.866161916666666,-48.45711694444445,581.1,1,
DJI_0006.JPG,e:\08 - Relatorio Fazenda Jacupiranga\DJI fotos\DJI_0006.JPG,SIM,SIM,-12.86589986111111,-48.45794977777778,581.3,1,
DJI_0007.JPG,e:\08 - Relatorio Fazenda Jacupiranga\DJI fotos\DJI_0007.JPG,SIM,SIM,-12.865901777777777,-48.45795530555556,589.9,1,
DJI_0008.JPG,e:\08 - Relatorio Fazenda Jacupiranga\DJI fotos\DJI_0008.JPG,SIM,SIM,-12.865959416666666,-48.45802508333334,612.3,1,
DJI_0009.JPG,e:\08 - Relatorio Fazenda Jacupiranga\DJI fotos\DJI_0009.JPG,SIM,SIM,-12.865960944444444,-48.458028194444445,612.3,1,
DJI_0010.JPG,e:\08 - Relatorio Fazenda Jacupiranga\DJI fotos\DJI_0010.JPG,SIM,SIM,-12.868154861111112,-48.458118722222224,612.2,1,
DJI_0011.JPG,e:\08 - Relatorio Fazenda Jacupiranga\DJI fotos\DJI_0011.JPG,SIM,SIM,-12.868323722222224,-48.45814852777778,614.7,1,
DJI_0012.JPG,e:\08 - Relatorio Fazenda Jacupiranga\DJI fotos\DJI_0012.JPG,SIM,SIM,-12.868348166666667,-48.45814141666667,614.7,1,
DJI_0013.JPG,e:\08 - Relatorio Fazenda Jacupiranga\DJI fotos\DJI_0013.JPG,SIM,SIM,-12.868880138888889,-48.457769444444445,614.6,1,
DJI_0014.JPG,e:\08 - Relatorio Fazenda Jacupiranga\DJI fotos\DJI_0014.JPG,SIM,SIM,-12.868672,-48.45803519444445,543.9,1,
DJI_0015.JPG,e:\08 - Relatorio Fazenda Jacupiranga\DJI fotos\DJI_0015.JPG,SIM,SIM,-12.868795666666667,-48.458094333333335,544.0,1,
DJI_0016.JPG,e:\08 - Relatorio Fazenda Jacupiranga\DJI fotos\DJI_0016.JPG,SIM,SIM,-12.868842666666668,-48.45789402777778,543.9,1,
DJI_0017.JPG,e:\08 - Relatorio Fazenda Jacupiranga\DJI fotos\DJI_0017.JPG,SIM,SIM,-12.868781555555556,-48.457695722222226,543.9,1,
DJI_0018.JPG,e:\08 - Relatorio Fazenda Jacupiranga\DJI fotos\DJI_0018.JPG,SIM,SIM,-12.868543527777778,-48.45753788888889,543.9,1,
DJI_0019.JPG,e:\08 - Relatorio Fazenda Jacupiranga\DJI fotos\DJI_0019.JPG,SIM,SIM,-12.868360277777779,-48.457536555555556,543.9,1,
DJI_0020.JPG,e:\08 - Relatorio Fazenda Jacupiranga\DJI fotos\DJI_0020.JPG,SIM,SIM,-12.868053472222222,-48.457748055555555,544.0,1,
DJI_0021.JPG,e:\08 - Relatorio Fazenda Jacupiranga\DJI fotos\DJI_0021.JPG,SIM,SIM,-12.868054194444445,-48.45774775,544.0,1,
DJI_0022.JPG,e:\08 - Relatorio Fazenda Jacupiranga\DJI fotos\DJI_0022.JPG,SIM,SIM,-12.868220305555557,-48.45778855555556,544.0,1,
DJI_0023.JPG,e:\08 - Relatorio Fazenda Jacupiranga\DJI fotos\DJI_0023.JPG,SIM,SIM,-12.868155277777777,-48.457925888888894,544.2,1,
DJI_0024.JPG,e:\08 - Relatorio Fazenda Jacupiranga\DJI fotos\DJI_0024.JPG,SIM,SIM,-12.868307388888889,-48.45796008333333,544.0,1,
DJI_0025.JPG,e:\08 - Relatorio Fazenda Jacupiranga\DJI fotos\DJI_0025.JPG,SIM,SIM,-12.868572527777777,-48.45799052777778,527.7,1,
DJI_0026.JPG,e:\08 - Relatorio Fazenda Jacupiranga\DJI fotos\DJI_0026.JPG,SIM,SIM,-12.868572527777777,-48.45798991666667,527.7,1,
DJI_0027.JPG,e:\08 - Relatorio Fazenda Jacupiranga\DJI fotos\DJI_0027.JPG,SIM,SIM,-12.868572305555556,-48.457989000000005,527.7,1,
DJI_0028.JPG,e:\08 - Relatorio Fazenda Jacupiranga\DJI fotos\DJI_0028.JPG,SIM,SIM,-12.868571555555556,-48.45798822222223,527.7,1,
DJI_0029.JPG,e:\08 - Relatorio Fazenda Jacupiranga\DJI fotos\DJI_0029.JPG,SIM,SIM,-12.86856188888889,-48.457995027777784,527.1,1,
DJI_0030.JPG,e:\08 - Relatorio Fazenda Jacupiranga\DJI fotos\DJI_0030.JPG,SIM,SIM,-12.868511611111112,-48.45796063888889,526.5,1,
DJI_0031.JPG,e:\08 - Relatorio Fazenda Jacupiranga\DJI fotos\DJI_0031.JPG,SIM,SIM,-12.868537027777778,-48.457989194444444,526.3,1,
DJI_0032.JPG,e:\08 - Relatorio Fazenda Jacupiranga\DJI fotos\DJI_0032.JPG,SIM,SIM,-12.868459416666667,-48.457993638888894,525.5,1,
DJI_0033.JPG,e:\08 - Relatorio Fazenda Jacupiranga\DJI fotos\DJI_0033.JPG,SIM,SIM,-12.86845375,-48.45799016666667,525.1,1,
DJI_0034.JPG,e:\08 - Relatorio Fazenda Jacupiranga\DJI fotos\DJI_0034.JPG,SIM,SIM,-12.868450888888889,-48.45799111111111,525.5,1,
DJI_0035.JPG,e:\08 - Relatorio Fazenda Jacupiranga\DJI fotos\DJI_0035.JPG,SIM,SIM,-12.868450472222223,-48.45799161111111,525.7,1,
DJI_0036.JPG,e:\08 - Relatorio Fazenda Jacupiranga\DJI fotos\DJI_0036.JPG,SIM,SIM,-12.86845011111111,-48.457993138888895,525.7,1,
DJI_0963.JPG,e:\08 - Relatorio Fazenda Jacupiranga\DJI fotos\DJI_0963.JPG,SIM,SIM,-12.868676583333334,-48.45813541666667,563.1,1,
DJI_0964.JPG,e:\08 - Relatorio Fazenda Jacupiranga\DJI fotos\DJI_0964.JPG,SIM,SIM,-12.868678138888889,-48.458134694444446,563.3,1,
DJI_0965.JPG,e:\08 - Relatorio Fazenda Jacupiranga\DJI fotos\DJI_0965.JPG,SIM,SIM,-12.868678527777778,-48.45813363888889,563.3,1,
DJI_0966.JPG,e:\08 - Relatorio Fazenda Jacupiranga\DJI fotos\DJI_0966.JPG,SIM,SIM,-12.868680027777778,-48.45813105555556,563.3,1,
DJI_0967.JPG,e:\08 - Relatorio Fazenda Jacupiranga\DJI fotos\DJI_0967.JPG,SIM,SIM,-12.868682666666666,-48.45812977777778,563.3,1,
DJI_0968.JPG,e:\08 - Relatorio Fazenda Jacupiranga\DJI fotos\DJI_0968.JPG,SIM,SIM,-12.868914083333333,-48.458153083333336,563.4,1,
DJI_0969.JPG,e:\08 - Relatorio Fazenda Jacupiranga\DJI fotos\DJI_0969.JPG,SIM,SIM,-12.868838583333334,-48.45769222222223,563.3,1,
DJI_0970.JPG,e:\08 - Relatorio Fazenda Jacupiranga\DJI fotos\DJI_0970.JPG,SIM,SIM,-12.868581527777778,-48.45752408333334,563.3,1,
DJI_0971.JPG,e:\08 - Relatorio Fazenda Jacupiranga\DJI fotos\DJI_0971.JPG,SIM,SIM,-12.868578277777779,-48.45752302777778,563.3,1,
DJI_0972.JPG,e:\08 - Relatorio Fazenda Jacupiranga\DJI fotos\DJI_0972.JPG,SIM,SIM,-12.868933222222223,-48.457533500000004,562.5,1,
DJI_0973.JPG,e:\08 - Relatorio Fazenda Jacupiranga\DJI fotos\DJI_0973.JPG,SIM,SIM,-12.868936027777778,-48.457530222222225,562.4,1,
DJI_0974.JPG,e:\08 - Relatorio Fazenda Jacupiranga\DJI fotos\DJI_0974.JPG,SIM,SIM,-12.867888277777778,-48.45608522222223,562.2,1,
DJI_0975.JPG,e:\08 - Relatorio Fazenda Jacupiranga\DJI fotos\DJI_0975.JPG,SIM,SIM,-12.867887111111111,-48.45608194444445,562.4,1,
DJI_0976.JPG,e:\08 - Relatorio Fazenda Jacupiranga\DJI fotos\DJI_0976.JPG,SIM,SIM,-12.867887166666668,-48.45608152777778,562.4,1,
DJI_0977.JPG,e:\08 - Relatorio Fazenda Jacupiranga\DJI fotos\DJI_0977.JPG,SIM,SIM,-12.866823638888889,-48.455721611111116,562.6,1,
DJI_0978.JPG,e:\08 - Relatorio Fazenda Jacupiranga\DJI fotos\DJI_0978.JPG,SIM,SIM,-12.865665916666666,-48.45543902777778,562.4,1,
DJI_0979.JPG,e:\08 - Relatorio Fazenda Jacupiranga\DJI fotos\DJI_0979.JPG,SIM,SIM,-12.865667694444443,-48.45543827777778,562.4,1,
DJI_0980.JPG,e:\08 - Relatorio Fazenda Jacupiranga\DJI fotos\DJI_0980.JPG,SIM,SIM,-12.866350027777777,-48.45501875,584.3,1,
DJI_0981.JPG,e:\08 - Relatorio Fazenda Jacupiranga\DJI fotos\DJI_0981.JPG,SIM,SIM,-12.867473277777778,-48.45463208333334,586.1,1,
DJI_0982.JPG,e:\08 - Relatorio Fazenda Jacupiranga\DJI fotos\DJI_0982.JPG,SIM,SIM,-12.86811638888889,-48.453293611111114,634.7,1,
DJI_0983.JPG,e:\08 - Relatorio Fazenda Jacupiranga\DJI fotos\DJI_0983.JPG,SIM,SIM,-12.86811588888889,-48.45329597222222,634.8,1,
DJI_0984.JPG,e:\08 - Relatorio Fazenda Jacupiranga\DJI fotos\DJI_0984.JPG,SIM,SIM,-12.868115305555555,-48.453297500000005,634.7,1,
DJI_0985.JPG,e:\08 - Relatorio Fazenda Jacupiranga\DJI fotos\DJI_0985.JPG,SIM,SIM,-12.868112833333333,-48.45310769444445,683.0,1,
DJI_0986.JPG,e:\08 - Relatorio Fazenda Jacupiranga\DJI fotos\DJI_0986.JPG,SIM,SIM,-12.868859111111112,-48.45191241666667,683.1,1,
DJI_0987.JPG,e:\08 - Relatorio Fazenda Jacupiranga\DJI fotos\DJI_0987.JPG,SIM,SIM,-12.871827555555557,-48.45467230555556,692.1,1,
DJI_0988.JPG,e:\08 - Relatorio Fazenda Jacupiranga\DJI fotos\DJI_0988.JPG,SIM,SIM,-12.872813694444446,-48.45466733333333,648.6,1,
DJI_0989.JPG,e:\08 - Relatorio Fazenda Jacupiranga\DJI fotos\DJI_0989.JPG,SIM,SIM,-12.872813027777779,-48.454669305555555,648.8,1,
DJI_0990.JPG,e:\08 - Relatorio Fazenda Jacupiranga\DJI fotos\DJI_0990.JPG,SIM,SIM,-12.87492675,-48.454968722222226,648.8,1,
DJI_0991.JPG,e:\08 - Relatorio Fazenda Jacupiranga\DJI fotos\DJI_0991.JPG,SIM,SIM,-12.874926638888889,-48.454968388888894,648.7,1,
DJI_0992.JPG,e:\08 - Relatorio Fazenda Jacupiranga\DJI fotos\DJI_0992.JPG,SIM,SIM,-12.874560138888889,-48.455004361111115,646.6,1,
DJI_0993.JPG,e:\08 - Relatorio Fazenda Jacupiranga\DJI fotos\DJI_0993.JPG,SIM,SIM,-12.873998583333334,-48.45494488888889,638.0,1,
DJI_0994.JPG,e:\08 - Relatorio Fazenda Jacupiranga\DJI fotos\DJI_0994.JPG,SIM,SIM,-12.873999805555556,-48.45494611111111,637.9,1,
DJI_0995.JPG,e:\08 - Relatorio Fazenda Jacupiranga\DJI fotos\DJI_0995.JPG,SIM,SIM,-12.874000055555555,-48.45494430555556,637.8,1,
DJI_0996.JPG,e:\08 - Relatorio Fazenda Jacupiranga\DJI fotos\DJI_0996.JPG,SIM,SIM,-12.872689833333334,-48.45591344444445,637.9,1,
DJI_0997.JPG,e:\08 - Relatorio Fazenda Jacupiranga\DJI fotos\DJI_0997.JPG,SIM,SIM,-12.871519194444446,-48.457133500000005,615.6,1,
DJI_0998.JPG,e:\08 - Relatorio Fazenda Jacupiranga\DJI fotos\DJI_0998.JPG,SIM,SIM,-12.871530527777779,-48.45714847222222,614.9,1,
DJI_0999.JPG,e:\08 - Relatorio Fazenda Jacupiranga\DJI fotos\DJI_0999.JPG,SIM,SIM,-12.870436222222223,-48.457393583333335,612.0,1,
